
{
    "region" : "sa-east-1",
    "profile" : "tabdeb-api",
    "configuration" : "Release",
    "framework"     : "net6.0",
    "function-name" : "TabDeb-api",
    "package-type"  : "Zip",
    "function-handler" : "TabDeb-api",
    "function-memory-size" : 256,
    "function-role"        : "arn:aws:iam::344646467493:role/service-role/TabDeb-api-role-b6u34ido",
    "function-timeout"     : 10,
    "function-runtime"     : "dotnet6",
    "function-architecture" : "x86_64",
    "function-subnets"      : "",
    "function-security-groups" : "",
    "tracing-mode"             : "PassThrough",
    "environment-variables"    : "",
    "image-tag"                : ""
}